date,actual,predicted
2025-08-07,67,46.8922914035807
2025-08-08,81,45.986617173982175
2025-08-09,46,59.401404232138376
2025-08-10,51,56.83126875912688
2025-08-11,54,46.928165166670915
2025-08-12,75,52.97092925800791
2025-08-13,32,52.49729363476747
2025-08-14,55,52.47032247311096
2025-08-15,78,48.74046905940177
2025-08-16,39,63.3239493340816
2025-08-17,44,62.31591963744753
2025-08-18,44,45.60942023114943
2025-08-19,43,46.879709342785006
2025-08-20,63,46.56502153616223
2025-08-21,54,44.83073641049844
2025-08-22,24,46.96279149399734
2025-08-23,71,62.91619266170613
2025-08-24,55,62.54401497611099
2025-08-25,70,45.57909134659766
2025-08-26,41,48.717384227319705
2025-08-27,41,45.09355946777557
2025-08-28,59,44.92999261987902
2025-08-29,62,47.62192923241929
2025-08-30,70,59.69939977249204
2025-08-31,38,63.93953820302943
2025-09-01,59,43.164511233347255
2025-09-02,45,58.5745794702283
2025-09-03,54,48.028022769969155
2025-09-04,29,48.369952441829795
2025-09-05,68,54.54409580204367
2025-09-06,51,60.022613542516694
2025-09-07,44,59.347721027971815
2025-09-08,62,47.16790952967963
2025-09-09,54,45.93006174154536
2025-09-10,42,45.94702252450048
2025-09-11,73,47.22728449600169
2025-09-12,44,49.32728475945162
2025-09-13,64,58.934851072058684
2025-09-14,80,68.62264576946421
2025-09-15,52,56.43480613763196
2025-09-16,58,46.787529871256396
2025-09-17,43,49.17347638652686
2025-09-18,45,46.0324799581337
2025-09-19,81,56.97028647403866
2025-09-20,48,62.25434843843176
2025-09-21,40,72.23295545735948
2025-09-22,75,46.41177716641699
2025-09-23,89,49.674371251876764
2025-09-24,45,49.8654788384318
2025-09-25,22,52.42334983514195
2025-09-26,46,51.23655617859292
2025-09-27,59,60.77900033123396
2025-09-28,73,73.58995674103383
2025-09-29,34,50.205807504641214
2025-09-30,60,48.3020705730336
2025-10-01,59,46.214566013847346
2025-10-02,34,46.46451743960389
2025-10-03,72,58.2011891038363
2025-10-04,94,60.79900364088271
2025-10-05,66,63.381402158985615
2025-10-06,46,56.10480507151658
2025-10-07,59,63.50174259271982
2025-10-08,60,51.31272200176209
2025-10-09,25,52.6097577115595
2025-10-10,53,52.235670980843864
2025-10-11,58,68.9358771809046
2025-10-12,104,78.07338812166338
2025-10-13,48,56.75613634976738
2025-10-14,86,67.89619978024648
2025-10-15,34,55.640591107485974
2025-10-16,60,53.51632810329625
2025-10-17,61,59.51378965514488
2025-10-18,51,67.70750957588078
2025-10-19,66,65.38742424447496
2025-10-20,79,67.55895119769993
2025-10-21,46,55.53403433446261
2025-10-22,26,55.12989361375702
2025-10-23,51,55.98092427531677
2025-10-24,37,52.51536555499639
2025-10-25,58,65.3770436672982
2025-10-26,62,68.50246730779874
2025-10-27,25,49.5016424144386
2025-10-28,27,49.84565505304749
2025-10-29,58,48.328395238103745
2025-10-30,43,47.020876811177736
2025-10-31,23,58.703911892405856
2025-11-01,98,74.05642589304185
2025-11-02,90,84.75866265565973
2025-11-03,58,68.12429527734247
2025-11-04,49,68.03530925417517
2025-11-05,95,81.12000355875823
2025-11-06,74,67.01820796612246
2025-11-07,104,68.98064500560878
2025-11-08,109,110.9577391204331
2025-11-09,109,111.22621632238148
2025-11-10,66,70.03396529591087
2025-11-11,81,72.70094208886172
2025-11-12,78,71.62066788188967
2025-11-13,88,69.40470051022305
2025-11-14,61,73.49958067860707
2025-11-15,79,82.50495026077827
2025-11-16,96,99.74649587531478
2025-11-17,81,69.1504954817842
2025-11-18,91,70.2535399426668
2025-11-19,62,78.53453601727176
2025-11-20,62,78.13325464770942
2025-11-21,73,66.98075744972428
2025-11-22,82,90.06946833495688
2025-11-23,117,104.18348815146636
2025-11-24,35,83.78969559684214
2025-11-25,56,72.15034978417754
2025-11-26,57,66.97466390017404
2025-11-27,34,78.62062872981828
2025-11-28,68,86.9170901179984
2025-11-29,72,85.60407458349273
2025-11-30,83,84.97747021454525
2025-12-01,85,76.68777189201764
2025-12-02,65,71.78962956775415
2025-12-03,53,69.17489323269405
2025-12-04,68,69.91613098852773
2025-12-05,85,70.10782126639141
2025-12-06,71,87.01030505476464
2025-12-07,72,86.62495793267158
2025-12-08,77,66.09393396282915
2025-12-09,65,68.82718299951362
2025-12-10,92,82.0796386171969
2025-12-11,69,69.88902125220177
2025-12-12,79,65.67318336815222
2025-12-13,70,81.60357720273309
2025-12-14,86,83.56940914594055
2025-12-15,66,67.02848951545963
2025-12-16,51,68.40620867447191
2025-12-17,59,80.47934421985505
2025-12-18,79,68.97969924020397
2025-12-19,70,70.30579904944342
2025-12-20,71,81.20856848153292
2025-12-21,85,81.11078019563989
2025-12-22,86,69.45385582677923
2025-12-23,35,67.72053963382731
2025-12-24,46,62.19616396075961
2025-12-25,55,66.24421406884294
2025-12-26,105,77.20268300550151
2025-12-27,90,87.08242214554689
2025-12-28,98,80.12474496665617
2025-12-29,52,70.25579814761367
2025-12-30,52,76.04740793310077
2025-12-31,76,73.45234492342054
2025-08-07,88,82.23726316521996
2025-08-08,96,81.17407876099473
2025-08-09,139,114.33055865242144
2025-08-10,88,112.90883610236924
2025-08-11,49,80.40435602863934
2025-08-12,71,76.89551361158827
2025-08-13,99,84.11443544896923
2025-08-14,87,99.05233460025826
2025-08-15,67,83.87029623343764
2025-08-16,86,119.1612281769323
2025-08-17,137,98.71715118094677
2025-08-18,98,88.00949263312766
2025-08-19,97,82.30184441338686
2025-08-20,101,83.8724616100671
2025-08-21,93,85.56556653276655
2025-08-22,76,86.61182077084784
2025-08-23,98,107.24646986894653
2025-08-24,93,112.41007467380484
2025-08-25,134,89.56765782020041
2025-08-26,92,82.66121880340555
2025-08-27,72,82.08071164923862
2025-08-28,91,79.26825358382446
2025-08-29,61,79.91268651613174
2025-08-30,132,100.59394172360662
2025-08-31,88,96.0766012221405
2025-09-01,91,66.61075922517757
2025-09-02,103,76.30940226154321
2025-09-03,89,76.75011594644096
2025-09-04,83,79.06538539638042
2025-09-05,98,100.11417721525449
2025-09-06,101,102.84978291576337
2025-09-07,90,112.8678879338957
2025-09-08,72,82.54598134162948
2025-09-09,111,85.33529660541998
2025-09-10,79,87.30038610766651
2025-09-11,66,89.62956416753059
2025-09-12,71,89.46675335573894
2025-09-13,124,91.18373423974056
2025-09-14,115,100.57683723744694
2025-09-15,93,79.95233835010697
2025-09-16,92,107.48851506763289
2025-09-17,93,84.16573160530693
2025-09-18,68,83.42721015329712
2025-09-19,92,98.65569008820175
2025-09-20,121,103.0128701942127
2025-09-21,119,106.27493705862881
2025-09-22,62,81.0984335676534
2025-09-23,64,82.00458162092983
2025-09-24,84,88.4846727795029
2025-09-25,132,106.42534232711948
2025-09-26,43,92.5590075617252
2025-09-27,107,100.92847375724135
2025-09-28,74,93.98270930675619
2025-09-29,69,78.53592908679897
2025-09-30,74,80.91077402447917
2025-10-01,73,80.53015141284227
2025-10-02,71,74.46242805237972
2025-10-03,82,80.35440891026074
2025-10-04,91,97.68151002212569
2025-10-05,73,97.34073627762045
2025-10-06,97,76.25824552936609
2025-10-07,96,76.37637268680156
2025-10-08,98,80.18454768581176
2025-10-09,51,80.84894682448578
2025-10-10,104,90.54059157775451
2025-10-11,115,103.1233731009023
2025-10-12,81,110.52940864554198
2025-10-13,82,79.023617797572
2025-10-14,79,79.84703438395194
2025-10-15,118,72.58264728668313
2025-10-16,120,79.56825161264246
2025-10-17,48,78.95781726304783
2025-10-18,152,102.23758896175664
2025-10-19,83,109.27590798674417
2025-10-20,101,81.72746123063918
2025-10-21,101,84.07033064323606
2025-10-22,78,101.7607078195881
2025-10-23,99,89.61588206692295
2025-10-24,79,90.39421490109662
2025-10-25,113,113.23361549769112
2025-10-26,106,107.6634284488955
2025-10-27,105,86.87652234850601
2025-10-28,83,88.96303993623413
2025-10-29,78,85.20094719134238
2025-10-30,103,86.09747070219584
2025-10-31,93,81.38815679763364
2025-11-01,152,123.11884933999099
2025-11-02,124,124.17843056878779
2025-11-03,89,87.0968792912883
2025-11-04,99,89.31845433612312
2025-11-05,98,97.95885006053675
2025-11-06,126,93.81839950706
2025-11-07,130,99.30313943901817
2025-11-08,134,134.78635292578147
2025-11-09,166,132.01133189159583
2025-11-10,137,120.63423037116692
2025-11-11,115,124.1407844693442
2025-11-12,94,121.30356765347567
2025-11-13,142,120.77255840603205
2025-11-14,109,120.74861659237513
2025-11-15,140,148.44236555508525
2025-11-16,131,154.44243425957984
2025-11-17,92,111.74132234331873
2025-11-18,81,108.25043177050745
2025-11-19,123,113.2516317571128
2025-11-20,94,110.10345841342199
2025-11-21,193,137.191673379533
2025-11-22,116,151.7616112451007
2025-11-23,112,150.33894897620976
2025-11-24,120,119.22070170937756
2025-11-25,141,129.86112698021734
2025-11-26,111,132.50348963773408
2025-11-27,122,117.45603975868507
2025-11-28,73,113.77936165830178
2025-11-29,124,144.86167895550014
2025-11-30,116,141.03345260806216
2025-12-01,72,122.79561202861993
2025-12-02,112,124.47567634792748
2025-12-03,65,117.0103466343897
2025-12-04,84,117.2687209308288
2025-12-05,99,116.1123715914161
2025-12-06,121,122.89161285483219
2025-12-07,146,127.77657542570925
2025-12-08,116,93.89321734613557
2025-12-09,128,107.09984954387966
2025-12-10,125,103.30595117685415
2025-12-11,133,105.11451824642863
2025-12-12,110,114.33689377171737
2025-12-13,144,137.5978867698682
2025-12-14,148,148.3743478517495
2025-12-15,113,116.51442849815845
2025-12-16,102,119.48379601254837
2025-12-17,125,132.1965484668366
2025-12-18,94,118.14971559981798
2025-12-19,119,108.168317363876
2025-12-20,136,142.18410009905458
2025-12-21,124,151.38770869514354
2025-12-22,97,101.84714597209927
2025-12-23,86,101.75434382882435
2025-12-24,130,106.60134801239424
2025-12-25,112,106.44040181199924
2025-12-26,93,103.8994620704003
2025-12-27,154,143.58337573606147
2025-12-28,126,141.64969387252071
2025-12-29,82,106.1712581992902
2025-12-30,131,95.55229550581024
2025-12-31,99,106.48015708503348
2025-08-07,20,30.45870629690656
2025-08-08,42,29.66160581450953
2025-08-09,39,39.87295727328149
2025-08-10,21,39.809279076850224
2025-08-11,30,31.924281397089125
2025-08-12,33,32.76662456041457
2025-08-13,40,30.418353454432967
2025-08-14,27,30.84824785222548
2025-08-15,39,31.607973867085764
2025-08-16,40,37.52528673801685
2025-08-17,25,39.101780037319756
2025-08-18,16,32.97363205270122
2025-08-19,42,31.28568018599094
2025-08-20,49,35.73066088139369
2025-08-21,40,33.75475182917463
2025-08-22,45,30.735664412574064
2025-08-23,49,37.03057598895136
2025-08-24,45,40.10606307074586
2025-08-25,21,31.871929967268866
2025-08-26,48,32.7813458091121
2025-08-27,36,33.51012997425033
2025-08-28,27,33.285322954794246
2025-08-29,24,32.10128883888181
2025-08-30,41,38.8610717488035
2025-08-31,21,38.25313577312431
2025-09-01,37,29.084136003133164
2025-09-02,21,33.16735753072306
2025-09-03,37,29.45222923329027
2025-09-04,25,29.909941429731884
2025-09-05,28,30.202182840392542
2025-09-06,38,40.41146069258342
2025-09-07,37,37.13897165866293
2025-09-08,49,31.996741509359975
2025-09-09,47,34.002299558762466
2025-09-10,34,32.59418441922787
2025-09-11,30,32.27530909208866
2025-09-12,39,32.15943708963201
2025-09-13,49,37.55610732872563
2025-09-14,30,37.21627787316848
2025-09-15,30,29.571194767637998
2025-09-16,12,31.396636725134776
2025-09-17,42,33.50840902735554
2025-09-18,51,29.9870121843033
2025-09-19,31,35.292953946283
2025-09-20,17,40.834796276886046
2025-09-21,44,38.94006378861852
2025-09-22,21,31.353445582408487
2025-09-23,24,31.40477485894998
2025-09-24,37,30.081780751759528
2025-09-25,33,28.86303266019886
2025-09-26,26,26.184155486864736
2025-09-27,32,33.842248960663234
2025-09-28,39,31.406018512804632
2025-09-29,26,30.832034290458665
2025-09-30,19,31.14130815002941
2025-10-01,27,31.055751447138523
2025-10-02,34,28.274645928139826
2025-10-03,29,28.82567817394716
2025-10-04,24,33.62004454113851
2025-10-05,48,33.890766564921265
2025-10-06,3,29.21080929853665
2025-10-07,26,28.430696303111105
2025-10-08,24,27.29547981505487
2025-10-09,32,28.384151731531475
2025-10-10,36,28.1554073581625
2025-10-11,49,34.21420846488215
2025-10-12,31,35.15546207234851
2025-10-13,36,26.097044061417616
2025-10-14,32,27.974717407712284
2025-10-15,13,29.807516448353898
2025-10-16,50,29.846130927320996
2025-10-17,16,29.62757010308452
2025-10-18,42,33.10163496150375
2025-10-19,42,33.42204211744645
2025-10-20,33,29.376895658128557
2025-10-21,26,28.927234275616073
2025-10-22,39,28.903178987536126
2025-10-23,15,30.597454675182494
2025-10-24,30,29.103163547409064
2025-10-25,40,43.94440420494019
2025-10-26,31,33.980711772583795
2025-10-27,35,28.81918468027928
2025-10-28,41,28.053130201816366
2025-10-29,33,34.08342023455143
2025-10-30,38,29.971118894045503
2025-10-31,31,29.903510558527493
2025-11-01,43,42.2276623710797
2025-11-02,49,41.46271348008385
2025-11-03,38,36.07203819066546
2025-11-04,34,38.25665135960359
2025-11-05,46,35.68726278354261
2025-11-06,44,37.40306543732478
2025-11-07,25,39.51671128383864
2025-11-08,35,48.76552435039405
2025-11-09,56,47.27707405694138
2025-11-10,33,37.907737595771145
2025-11-11,48,39.330856201612676
2025-11-12,49,37.038972335159364
2025-11-13,29,39.60017637244366
2025-11-14,27,37.27868951900067
2025-11-15,68,44.42506072100849
2025-11-16,55,47.27087721925365
2025-11-17,37,39.43088216666618
2025-11-18,32,36.018401689127366
2025-11-19,36,39.1550368396968
2025-11-20,29,39.07921460091848
2025-11-21,50,38.52651007184244
2025-11-22,44,46.74579402050826
2025-11-23,63,48.085371495954746
2025-11-24,37,40.09336110075308
2025-11-25,31,39.526060236235224
2025-11-26,37,38.22928689628053
2025-11-27,15,40.434409744595165
2025-11-28,40,37.90316422082811
2025-11-29,50,49.21560631637775
2025-11-30,60,49.1659160252084
2025-12-01,36,54.45767769937663
2025-12-02,53,39.538929959930144
2025-12-03,49,39.44265651513877
2025-12-04,54,40.18294073802036
2025-12-05,41,41.91584124355457
2025-12-06,62,51.50248219928997
2025-12-07,37,52.097644196355056
2025-12-08,57,49.844866688847226
2025-12-09,34,43.28576829274039
2025-12-10,25,42.37166826641271
2025-12-11,30,41.84854713500596
2025-12-12,41,42.223158238811344
2025-12-13,43,53.278980384961464
2025-12-14,55,54.72365863537563
2025-12-15,23,42.01212359845275
2025-12-16,20,41.42894697791316
2025-12-17,55,40.32764171268664
2025-12-18,50,41.201820660653276
2025-12-19,31,41.115624033378744
2025-12-20,52,53.041412173755184
2025-12-21,62,55.53275464337393
2025-12-22,45,43.89784866165298
2025-12-23,43,41.180023367943825
2025-12-24,52,42.76688521892486
2025-12-25,34,42.08467946847021
2025-12-26,42,42.226193255232666
2025-12-27,51,50.42542840361787
2025-12-28,59,57.02118103557731
2025-12-29,37,43.13214002654906
2025-12-30,42,43.68863241449746
2025-12-31,42,44.238735308096146
2025-08-07,54,73.51656104802302
2025-08-08,77,75.41283627441851
2025-08-09,78,91.86007963527345
2025-08-10,111,94.83526563288618
2025-08-11,74,75.71575879727274
2025-08-12,83,72.41145313098372
2025-08-13,27,77.53110789928103
2025-08-14,78,85.02877300006806
2025-08-15,87,82.84311488673798
2025-08-16,87,84.612382594957
2025-08-17,100,90.48191586185281
2025-08-18,59,71.26290027850429
2025-08-19,80,92.09775219044117
2025-08-20,101,85.82062295266387
2025-08-21,25,75.28414999165673
2025-08-22,77,74.61098875576383
2025-08-23,93,109.367190169122
2025-08-24,83,110.91322105126007
2025-08-25,72,73.16814893263202
2025-08-26,88,72.66588581732263
2025-08-27,85,74.26111753587676
2025-08-28,77,79.80261550826118
2025-08-29,82,66.37114888877439
2025-08-30,98,91.53683752278933
2025-08-31,81,89.93829318315588
2025-09-01,60,76.90254111295909
2025-09-02,55,72.90866514389273
2025-09-03,81,63.34316503218346
2025-09-04,65,65.6091593839586
2025-09-05,60,79.99973304936437
2025-09-06,52,81.56295382219194
2025-09-07,98,81.59520972149497
2025-09-08,56,68.82063358370594
2025-09-09,72,61.741584535356175
2025-09-10,88,63.20284483748392
2025-09-11,43,66.1447369012863
2025-09-12,65,64.5276593609488
2025-09-13,80,79.64868595318597
2025-09-14,89,82.00017507100638
2025-09-15,88,65.13653827361155
2025-09-16,55,79.43593664817385
2025-09-17,76,65.4637541046337
2025-09-18,85,66.17889070103725
2025-09-19,63,66.8486109270445
2025-09-20,80,81.43091140230385
2025-09-21,90,84.87363722329933
2025-09-22,72,67.34232287599917
2025-09-23,77,65.40378398393385
2025-09-24,76,65.64712116138026
2025-09-25,48,66.1538605441284
2025-09-26,84,66.17599368195688
2025-09-27,104,82.46776297062294
2025-09-28,103,98.3812775171357
2025-09-29,39,66.01340196209956
2025-09-30,64,68.05544938017414
2025-10-01,70,66.07971047946857
2025-10-02,46,63.13413192786569
2025-10-03,60,62.78982097828899
2025-10-04,74,97.00864602463142
2025-10-05,94,79.2831179184669
2025-10-06,69,67.58710639093776
2025-10-07,37,68.87497519642221
2025-10-08,72,68.59966593345311
2025-10-09,65,66.78720952335729
2025-10-10,75,68.18748800177394
2025-10-11,76,82.66471091066367
2025-10-12,68,82.86581872266125
2025-10-13,52,65.91755935746882
2025-10-14,56,62.93717178359237
2025-10-15,67,68.08599443921518
2025-10-16,69,66.78682017061281
2025-10-17,63,67.38247502413329
2025-10-18,75,81.1642488023407
2025-10-19,76,83.50363583458349
2025-10-20,125,80.5376863105293
2025-10-21,52,61.97777420805943
2025-10-22,56,64.09443150068351
2025-10-23,139,80.76559855454923
2025-10-24,74,63.61494451092266
2025-10-25,58,79.28488530009808
2025-10-26,98,80.24340447491201
2025-10-27,50,68.10809088267969
2025-10-28,96,78.52129075553978
2025-10-29,62,68.36999279390135
2025-10-30,72,81.6572540869867
2025-10-31,95,69.37468904524071
2025-11-01,122,106.41991884073876
2025-11-02,129,108.72041596850323
2025-11-03,97,89.29265719617945
2025-11-04,81,82.74111410751019
2025-11-05,100,87.98186317068885
2025-11-06,111,87.50413473922217
2025-11-07,92,96.41008049100735
2025-11-08,144,119.1977367356102
2025-11-09,149,136.67386632633776
2025-11-10,93,97.10970444914385
2025-11-11,94,94.15657913434087
2025-11-12,92,100.7006212820913
2025-11-13,67,100.87392979318962
2025-11-14,106,116.10462289289154
2025-11-15,116,116.72457326602428
2025-11-16,104,116.75625293498926
2025-11-17,95,93.7692278717468
2025-11-18,90,95.97411465225069
2025-11-19,121,115.7386676357345
2025-11-20,101,91.71079832806521
2025-11-21,92,94.67104323799005
2025-11-22,87,116.6008948933189
2025-11-23,166,132.06186686060946
2025-11-24,105,121.72771003551055
2025-11-25,97,103.5403104830593
2025-11-26,83,98.9891625130712
2025-11-27,81,95.7378025540938
2025-11-28,117,86.50827625943954
2025-11-29,137,109.45579300537204
2025-11-30,120,134.88289082024042
2025-12-01,105,128.51058738787785
2025-12-02,101,104.88194126714582
2025-12-03,91,104.33863150177781
2025-12-04,86,107.06873295878738
2025-12-05,96,105.65775703929467
2025-12-06,104,125.65298804168212
2025-12-07,116,124.65496116335412
2025-12-08,111,117.51703901870872
2025-12-09,100,87.30479852098136
2025-12-10,78,89.36893900009343
2025-12-11,102,88.42195598931059
2025-12-12,73,87.78841821518286
2025-12-13,102,116.00187982806787
2025-12-14,125,134.91926687754668
2025-12-15,70,86.1114948254146
2025-12-16,108,86.00348873679704
2025-12-17,72,89.07324034444308
2025-12-18,77,85.31782423630423
2025-12-19,112,87.11796316446647
2025-12-20,102,106.18966261324935
2025-12-21,108,104.92112008256967
2025-12-22,71,83.96176333790554
2025-12-23,104,85.0001422411929
2025-12-24,105,84.7670220744391
2025-12-25,103,86.28235771626419
2025-12-26,99,84.75715563535377
2025-12-27,136,135.32862463058822
2025-12-28,102,107.44743806874257
2025-12-29,75,81.76552513465712
2025-12-30,131,101.14161752732271
2025-12-31,103,82.98840035912217
2025-08-07,31,43.762723252085934
2025-08-08,36,44.933982057674285
2025-08-09,43,53.36551194614802
2025-08-10,52,53.5343570412058
2025-08-11,51,44.38688545068219
2025-08-12,47,44.15935533581719
2025-08-13,69,44.30311096685036
2025-08-14,19,42.944106703240095
2025-08-15,51,40.37261821242433
2025-08-16,57,55.41443888617798
2025-08-17,67,57.53675865200955
2025-08-18,54,44.044564139903216
2025-08-19,44,43.86331912734235
2025-08-20,48,43.448435703459545
2025-08-21,37,45.43452514450456
2025-08-22,53,43.482919337073305
2025-08-23,35,54.63881505118191
2025-08-24,78,64.45341577044067
2025-08-25,45,41.763608086184284
2025-08-26,40,42.27357890013404
2025-08-27,43,43.60204128880587
2025-08-28,44,42.470054995238804
2025-08-29,70,52.08596505369416
2025-08-30,96,57.67616302956049
2025-08-31,72,61.74793830470566
2025-09-01,39,49.33377381331091
2025-09-02,53,48.293408767419315
2025-09-03,54,49.399199952325915
2025-09-04,35,48.292791624211965
2025-09-05,31,48.114108031998356
2025-09-06,56,60.64244560798184
2025-09-07,67,59.70940186433035
2025-09-08,26,48.49345790630025
2025-09-09,37,46.2907218081088
2025-09-10,53,46.08250421206345
2025-09-11,46,45.931076488280766
2025-09-12,63,45.518971346788945
2025-09-13,40,62.05618503253473
2025-09-14,85,58.308643681771834
2025-09-15,27,45.9163068693595
2025-09-16,21,44.773253980675634
2025-09-17,45,48.26319394291708
2025-09-18,32,47.97825951121883
2025-09-19,45,43.54076194576168
2025-09-20,56,57.27089867174997
2025-09-21,55,63.94647236782564
2025-09-22,36,47.80639861489653
2025-09-23,51,47.41034269829569
2025-09-24,42,44.598811141338665
2025-09-25,59,45.99736353451207
2025-09-26,44,46.83316277039227
2025-09-27,46,61.555988104840786
2025-09-28,37,61.630395467503405
2025-09-29,44,42.39112954065114
2025-09-30,31,40.853788391354556
2025-10-01,34,42.98066338951518
2025-10-02,52,40.499338078828146
2025-10-03,24,41.326049056280944
2025-10-04,74,51.262458672438925
2025-10-05,59,53.71886509353295
2025-10-06,45,41.85618223478559
2025-10-07,33,39.885656533132774
2025-10-08,55,41.6882512224579
2025-10-09,46,42.48106166220523
2025-10-10,38,41.32448612520493
2025-10-11,60,48.823427210450994
2025-10-12,37,50.207937627523116
2025-10-13,26,42.25844815932741
2025-10-14,32,40.3348267852915
2025-10-15,50,38.91693387065715
2025-10-16,46,40.083960912171264
2025-10-17,58,39.58443118204343
2025-10-18,46,53.4953869208422
2025-10-19,64,50.56558631497241
2025-10-20,44,40.55459939413469
2025-10-21,34,40.56877056958332
2025-10-22,60,51.71746879422462
2025-10-23,45,40.313856451257024
2025-10-24,47,50.4369514649462
2025-10-25,69,59.41303299968734
2025-10-26,56,54.00402512823684
2025-10-27,44,41.239427115335694
2025-10-28,41,41.45649222981162
2025-10-29,35,44.67146090337374
2025-10-30,47,41.228553370116956
2025-10-31,36,41.85431071174599
2025-11-01,81,74.43615062104953
2025-11-02,74,71.24565235072457
2025-11-03,83,62.80800994928893
2025-11-04,64,55.01238710929442
2025-11-05,55,60.50695862525486
2025-11-06,55,56.27029672840411
2025-11-07,70,54.68683909138991
2025-11-08,49,74.76074701522727
2025-11-09,87,69.8982567803399
2025-11-10,39,53.5423257560246
2025-11-11,45,54.33801989193939
2025-11-12,56,56.90634448932461
2025-11-13,88,55.287171250872696
2025-11-14,82,53.30650983051714
2025-11-15,86,72.5763967564489
2025-11-16,82,77.4704777033016
2025-11-17,40,65.5226065271993
2025-11-18,64,66.98119025712184
2025-11-19,55,59.05133973801808
2025-11-20,52,58.384333750387704
2025-11-21,76,70.26969285232691
2025-11-22,72,69.21216733081778
2025-11-23,88,68.54656518740624
2025-11-24,39,65.507004381145
2025-11-25,83,80.74040456010277
2025-11-26,51,63.644232204058035
2025-11-27,57,64.69448123828488
2025-11-28,66,58.2968921688892
2025-11-29,64,73.20913640619644
2025-11-30,79,75.31832324695027
2025-12-01,59,58.418223095749184
2025-12-02,54,59.881206978440346
2025-12-03,56,59.22338733377927
2025-12-04,60,58.17808868613389
2025-12-05,53,62.054928585355825
2025-12-06,77,69.46196239171512
2025-12-07,74,69.40532768948474
2025-12-08,55,59.27813032980674
2025-12-09,81,60.10340342251665
2025-12-10,67,55.429700000974826
2025-12-11,70,78.87775746405262
2025-12-12,64,63.779373550602536
2025-12-13,65,79.14698451493993
2025-12-14,72,75.0297860618593
2025-12-15,58,62.86371795512796
2025-12-16,47,59.059798148522574
2025-12-17,67,59.100734011993374
2025-12-18,56,60.21774548177611
2025-12-19,58,60.90321339791204
2025-12-20,71,70.50654222244756
2025-12-21,113,71.4397959002657
2025-12-22,54,61.80214669271109
2025-12-23,37,60.16043008226479
2025-12-24,43,57.303447623192
2025-12-25,83,71.34021529194567
2025-12-26,78,54.73500578267925
2025-12-27,69,73.06862463844642
2025-12-28,93,72.4981137625854
2025-12-29,71,60.493420689737476
2025-12-30,72,68.69313772588785
2025-12-31,59,58.59462942479416
2025-08-07,55,62.805876237134854
2025-08-08,89,61.24207984473093
2025-08-09,70,80.08278199820657
2025-08-10,90,80.05944831677134
2025-08-11,82,63.79460111699183
2025-08-12,73,62.08699348397472
2025-08-13,45,62.79592330870464
2025-08-14,52,62.58673439290305
2025-08-15,84,65.11698688883592
2025-08-16,70,77.62483372619253
2025-08-17,97,79.39079928145694
2025-08-18,60,64.5269794514845
2025-08-19,68,65.6114354819998
2025-08-20,45,65.49174373182376
2025-08-21,57,62.68520602375057
2025-08-22,53,61.38454295243325
2025-08-23,86,76.01871255063008
2025-08-24,84,79.07089659182914
2025-08-25,73,63.20767674658196
2025-08-26,59,66.12669767758537
2025-08-27,52,57.920351005201674
2025-08-28,69,58.74065959548395
2025-08-29,51,62.12218695067507
2025-08-30,99,74.73587266825788
2025-08-31,97,95.93108855639582
2025-09-01,61,64.69435435079411
2025-09-02,73,63.249735793128124
2025-09-03,65,59.98907943324928
2025-09-04,41,64.41900099473551
2025-09-05,50,59.81180115135875
2025-09-06,98,78.582120119389
2025-09-07,84,81.60277551449536
2025-09-08,54,80.2541658926387
2025-09-09,85,77.07753514836128
2025-09-10,58,67.7957268727426
2025-09-11,66,72.31336879437325
2025-09-12,62,71.64610059314339
2025-09-13,98,80.65916496696289
2025-09-14,53,82.70689057030768
2025-09-15,54,65.50206742964855
2025-09-16,68,67.12426229578999
2025-09-17,90,61.26885413560829
2025-09-18,74,61.36345622861693
2025-09-19,53,60.856129051293
2025-09-20,106,78.28593699388217
2025-09-21,62,78.40389647557038
2025-09-22,70,65.5878916420883
2025-09-23,73,66.06289819410215
2025-09-24,66,77.72213052724855
2025-09-25,77,66.11685411752082
2025-09-26,58,64.46854384852908
2025-09-27,93,80.99606553478797
2025-09-28,55,83.05656248539375
2025-09-29,84,78.96625174838266
2025-09-30,60,68.00833780458315
2025-10-01,83,64.25228227942682
2025-10-02,65,65.04885029430633
2025-10-03,85,64.48716490601386
2025-10-04,90,84.76296259608496
2025-10-05,81,78.97383837796541
2025-10-06,78,67.04799505739375
2025-10-07,78,67.35530937497852
2025-10-08,73,67.36320343216072
2025-10-09,32,66.9162162277167
2025-10-10,51,64.5877848813946
2025-10-11,103,80.43925752876487
2025-10-12,64,81.22221490105873
2025-10-13,79,68.53773079463099
2025-10-14,77,66.14003077740662
2025-10-15,55,65.27148994654783
2025-10-16,36,65.01647262814026
2025-10-17,58,64.35981808035791
2025-10-18,114,80.1923791872521
2025-10-19,70,87.65423138985811
2025-10-20,54,67.53908466346404
2025-10-21,51,75.18223445678515
2025-10-22,84,70.42156411641469
2025-10-23,63,70.4349198235416
2025-10-24,57,69.34148452877737
2025-10-25,104,82.35945223293945
2025-10-26,91,86.66811124745075
2025-10-27,52,64.63903553046522
2025-10-28,48,66.36698500356947
2025-10-29,84,70.41511901537787
2025-10-30,66,72.82101271315287
2025-10-31,43,69.05905131236334
2025-11-01,85,104.3096402700244
2025-11-02,95,110.16301089069039
2025-11-03,71,82.87570110189247
2025-11-04,59,82.97914822751288
2025-11-05,73,81.42264250141136
2025-11-06,76,78.06666447860081
2025-11-07,82,74.64733765847197
2025-11-08,137,93.17692031495831
2025-11-09,108,106.0571301576165
2025-11-10,87,77.4606420027409
2025-11-11,97,80.39978056320705
2025-11-12,86,79.24567282471025
2025-11-13,113,96.46619691142159
2025-11-14,94,83.30099756469184
2025-11-15,114,109.63136704869838
2025-11-16,153,110.31526056832259
2025-11-17,103,89.35022710168047
2025-11-18,73,93.85899400318455
2025-11-19,95,89.37565668376926
2025-11-20,78,94.70233147158541
2025-11-21,96,92.4809901239268
2025-11-22,91,110.12855937333437
2025-11-23,95,109.65360858488107
2025-11-24,95,86.8779990084011
2025-11-25,104,87.19493061861569
2025-11-26,97,90.04890481462255
2025-11-27,102,85.2922518471071
2025-11-28,95,88.4635199452767
2025-11-29,114,103.90939755716425
2025-11-30,127,133.3850895881344
2025-12-01,102,88.90504722541068
2025-12-02,105,83.50158315670579
2025-12-03,88,86.60321199252043
2025-12-04,88,86.32273807545937
2025-12-05,113,91.22660372884032
2025-12-06,111,115.0775206489155
2025-12-07,113,112.91282975126678
2025-12-08,97,89.35442479062374
2025-12-09,88,87.95185386602492
2025-12-10,77,94.3364817592712
2025-12-11,95,94.12313693471339
2025-12-12,89,93.48221329357281
2025-12-13,139,112.57556406778419
2025-12-14,124,112.28717494670047
2025-12-15,81,87.04562387779463
2025-12-16,109,89.58427200804412
2025-12-17,94,90.79972271143701
2025-12-18,109,89.30725809661529
2025-12-19,82,89.26887063897338
2025-12-20,115,110.3572459840113
2025-12-21,110,112.74582561814475
2025-12-22,90,90.31580828442921
2025-12-23,76,87.80334278956235
2025-12-24,98,90.43750594387754
2025-12-25,96,91.86542788147143
2025-12-26,109,93.03104524869792
2025-12-27,134,138.07094990088046
2025-12-28,106,114.59563388338859
2025-12-29,101,79.8084242078711
2025-12-30,78,78.93663730482162
2025-12-31,106,84.22450902396582
2025-08-07,95,117.49251980343024
2025-08-08,126,123.40980113075567
2025-08-09,147,146.03540020986193
2025-08-10,118,145.91378379212577
2025-08-11,97,111.57643406460836
2025-08-12,126,114.44186509284954
2025-08-13,109,118.19377646641614
2025-08-14,134,143.9174102643949
2025-08-15,73,111.20810913374861
2025-08-16,145,133.55608060785698
2025-08-17,138,133.0513453799821
2025-08-18,104,122.61908462523492
2025-08-19,113,118.92992043188993
2025-08-20,119,145.38300081865538
2025-08-21,104,123.40332716308667
2025-08-22,101,103.43027246759416
2025-08-23,123,135.50540015210862
2025-08-24,176,138.33176378823546
2025-08-25,124,112.26746571471519
2025-08-26,86,124.07990051196697
2025-08-27,146,104.34614290796367
2025-08-28,97,106.35205282869383
2025-08-29,106,105.03761707562177
2025-08-30,150,130.28422154648172
2025-08-31,93,135.47405900938125
2025-09-01,101,106.38257796842483
2025-09-02,115,132.37351654490863
2025-09-03,110,109.87149363294813
2025-09-04,134,134.00374966966734
2025-09-05,104,112.78367373784725
2025-09-06,130,132.27350125909436
2025-09-07,153,137.51681663134363
2025-09-08,112,103.84032649240926
2025-09-09,107,101.76053102624869
2025-09-10,109,106.16647626320298
2025-09-11,142,103.15505228838924
2025-09-12,109,103.3091041872299
2025-09-13,122,132.83562778759944
2025-09-14,94,134.9882932872443
2025-09-15,77,103.52386159809768
2025-09-16,96,103.70599840610046
2025-09-17,104,100.32528439369635
2025-09-18,95,98.41824401772116
2025-09-19,113,97.9469161017052
2025-09-20,121,126.09298502019854
2025-09-21,114,123.65314416417316
2025-09-22,118,98.24370236923133
2025-09-23,133,107.43203391366796
2025-09-24,84,108.46551014970997
2025-09-25,132,133.27541577615565
2025-09-26,68,100.850855676484
2025-09-27,103,132.06247951326225
2025-09-28,120,122.30819829454376
2025-09-29,129,96.69950911257612
2025-09-30,90,89.99966518250527
2025-10-01,89,95.22904489638118
2025-10-02,107,94.87683305033596
2025-10-03,107,96.71004168084731
2025-10-04,117,122.88633441781984
2025-10-05,172,126.81323696284453
2025-10-06,122,133.90467830017948
2025-10-07,108,102.049387344846
2025-10-08,98,100.30036879227185
2025-10-09,115,104.8928852260784
2025-10-10,131,100.86934096777019
2025-10-11,166,137.29473506425393
2025-10-12,117,145.8413797171202
2025-10-13,128,103.74586946739228
2025-10-14,117,100.88942116386232
2025-10-15,125,103.52906270983682
2025-10-16,104,103.15913024568015
2025-10-17,102,99.18756219534069
2025-10-18,151,139.2427142094728
2025-10-19,151,141.43025281827212
2025-10-20,137,98.51903375215788
2025-10-21,110,102.3997357779316
2025-10-22,104,107.89846885215383
2025-10-23,57,107.03308312513622
2025-10-24,95,136.9841947266625
2025-10-25,124,137.81388949359237
2025-10-26,110,140.9920721400343
2025-10-27,122,95.67739197034707
2025-10-28,80,103.38239815861182
2025-10-29,96,99.58371531524415
2025-10-30,97,100.79415427662103
2025-10-31,130,102.26544245677071
2025-11-01,202,170.41595008328912
2025-11-02,188,162.0122761984696
2025-11-03,147,132.1807021157166
2025-11-04,190,147.8633175460779
2025-11-05,160,142.7826072924309
2025-11-06,142,152.49001114981627
2025-11-07,109,144.06156936795117
2025-11-08,174,159.6546291401364
2025-11-09,214,182.58828321038013
2025-11-10,149,144.25800380092537
2025-11-11,128,139.27221215946662
2025-11-12,166,140.1292857367494
2025-11-13,143,137.9791330362994
2025-11-14,125,135.1963378176771
2025-11-15,170,179.81697435453836
2025-11-16,217,174.0619345227518
2025-11-17,156,148.31303185027832
2025-11-18,164,158.43936413439465
2025-11-19,151,182.0306004377384
2025-11-20,129,156.01336497561752
2025-11-21,129,142.16254156138464
2025-11-22,183,185.13656980206673
2025-11-23,175,174.103466561527
2025-11-24,133,138.06090110048473
2025-11-25,136,138.91337338315734
2025-11-26,127,140.39701311287382
2025-11-27,139,129.09325241073103
2025-11-28,165,132.10761761878496
2025-11-29,149,162.96788639240194
2025-11-30,186,169.0397262180088
2025-12-01,199,166.80699889691434
2025-12-02,139,146.6219213134075
2025-12-03,133,135.3030495985546
2025-12-04,162,137.3779507561237
2025-12-05,123,136.9077860552605
2025-12-06,178,165.2545452415072
2025-12-07,158,162.59148729399948
2025-12-08,106,135.15629480057999
2025-12-09,140,134.42121246936227
2025-12-10,118,123.39445917632337
2025-12-11,143,131.15913815978567
2025-12-12,165,136.6819793031143
2025-12-13,216,162.85038384850336
2025-12-14,181,176.90335886925422
2025-12-15,164,156.25355716185254
2025-12-16,151,154.12561966279878
2025-12-17,164,167.63847180995032
2025-12-18,105,156.48005380767697
2025-12-19,176,152.04483375667394
2025-12-20,158,171.83973683969742
2025-12-21,207,167.01147781754077
2025-12-22,154,154.8416563509565
2025-12-23,124,152.44728914559062
2025-12-24,149,157.24829296402817
2025-12-25,186,143.87576231399004
2025-12-26,174,162.52030264471915
2025-12-27,169,179.0736098800179
2025-12-28,165,162.1586163938179
2025-12-29,145,134.1357317253785
2025-12-30,140,123.681915519488
2025-12-31,167,124.29469940558006
2025-08-07,37,38.96394288887134
2025-08-08,27,40.61254548005109
2025-08-09,79,56.978077373619804
2025-08-10,42,52.52417073359566
2025-08-11,30,41.33858487151319
2025-08-12,37,41.46599377136921
2025-08-13,52,41.66588962912317
2025-08-14,26,53.71904825826636
2025-08-15,59,51.80707317337065
2025-08-16,40,53.43198300548244
2025-08-17,52,51.441439528833385
2025-08-18,41,52.315420899216655
2025-08-19,60,41.39948405597403
2025-08-20,41,41.18153978274552
2025-08-21,33,40.612803240413704
2025-08-22,45,49.160403344978825
2025-08-23,50,53.46085376565848
2025-08-24,51,49.563844639116425
2025-08-25,52,49.597933677799496
2025-08-26,40,42.34891480093302
2025-08-27,34,52.00327630885371
2025-08-28,36,40.97018666679459
2025-08-29,46,40.49102759683778
2025-08-30,43,50.31273291971202
2025-08-31,56,51.05778784708563
2025-09-01,40,39.92698702240208
2025-09-02,37,40.12091458744353
2025-09-03,52,38.195461468561014
2025-09-04,22,38.82115495133833
2025-09-05,33,42.66110796487301
2025-09-06,62,50.18748032137987
2025-09-07,68,50.27450911227788
2025-09-08,63,40.07426162575778
2025-09-09,40,39.764891778505174
2025-09-10,44,41.99548273581491
2025-09-11,48,39.429008390300616
2025-09-12,52,39.618284091976335
2025-09-13,53,49.366979097931925
2025-09-14,59,51.77685327583412
2025-09-15,44,42.09492873013787
2025-09-16,45,42.9986556036537
2025-09-17,30,47.24894612215382
2025-09-18,36,40.34662349262476
2025-09-19,34,40.89173461892538
2025-09-20,38,52.316347006547886
2025-09-21,33,51.010789801546444
2025-09-22,35,44.905935912995005
2025-09-23,41,49.16339114110461
2025-09-24,41,44.545894022368856
2025-09-25,45,43.91587973000888
2025-09-26,42,45.4882328128752
2025-09-27,47,54.94364460931344
2025-09-28,40,52.680605045300894
2025-09-29,48,45.57910449981183
2025-09-30,39,45.07625254308454
2025-10-01,35,42.53892564208845
2025-10-02,38,41.402972865720294
2025-10-03,32,41.49004455682187
2025-10-04,44,51.06390814134015
2025-10-05,44,48.58996107208055
2025-10-06,37,44.58175948187471
2025-10-07,46,44.24967265889873
2025-10-08,44,44.09355975789606
2025-10-09,55,41.892637805570146
2025-10-10,52,40.363323723460674
2025-10-11,69,51.422139443999875
2025-10-12,55,50.51940742833771
2025-10-13,53,52.77455730012589
2025-10-14,35,41.58430455127918
2025-10-15,48,40.740411519206866
2025-10-16,41,51.14690182357596
2025-10-17,25,41.27999626919012
2025-10-18,65,50.99401580334735
2025-10-19,37,51.5737845754814
2025-10-20,44,39.702932789561885
2025-10-21,31,40.756146312891936
2025-10-22,51,41.927540112230346
2025-10-23,52,41.06205232877198
2025-10-24,45,41.145527755341575
2025-10-25,62,51.4295952344318
2025-10-26,50,52.350712001665
2025-10-27,62,41.587971251658736
2025-10-28,47,39.95031561114414
2025-10-29,31,42.16264993853148
2025-10-30,40,40.328763562768664
2025-10-31,38,40.66513923495756
2025-11-01,65,60.66283153056444
2025-11-02,50,60.84658330409693
2025-11-03,57,49.257462673909934
2025-11-04,40,49.32587003203223
2025-11-05,34,51.85405927872432
2025-11-06,50,49.55568941205937
2025-11-07,46,48.21206586159624
2025-11-08,58,60.700581767965865
2025-11-09,49,69.18207697146497
2025-11-10,56,57.48874128754292
2025-11-11,52,44.03536855123035
2025-11-12,47,45.08103392614543
2025-11-13,58,48.22761776083309
2025-11-14,68,50.00407991906208
2025-11-15,72,64.78897462587722
2025-11-16,77,63.97209716781371
2025-11-17,65,50.4854329687719
2025-11-18,43,50.55071876160038
2025-11-19,58,50.68855429547135
2025-11-20,64,51.26311991421923
2025-11-21,49,54.6157998590229
2025-11-22,59,65.83848386330703
2025-11-23,72,61.61339725472345
2025-11-24,39,52.991883490845616
2025-11-25,43,51.47968286555918
2025-11-26,47,51.03677435706628
2025-11-27,58,51.009355156569455
2025-11-28,56,50.662718172673
2025-11-29,77,60.211580271607595
2025-11-30,58,63.14241823108401
2025-12-01,44,51.1817774375109
2025-12-02,59,48.546144330556274
2025-12-03,46,51.223410151032375
2025-12-04,48,50.420780281122106
2025-12-05,35,49.70487834949388
2025-12-06,70,60.49264337823677
2025-12-07,96,65.81703332760836
2025-12-08,54,67.3921092704563
2025-12-09,64,57.104294024308075
2025-12-10,53,56.71221776874609
2025-12-11,36,57.137958273888195
2025-12-12,45,54.42247529311601
2025-12-13,58,68.38854282086076
2025-12-14,64,67.82075261769903
2025-12-15,58,50.527904883292095
2025-12-16,72,52.180658920642344
2025-12-17,39,53.71778843074383
2025-12-18,49,52.75945326849992
2025-12-19,45,53.04460884169195
2025-12-20,54,61.44321012252521
2025-12-21,68,59.29022430734713
2025-12-22,54,51.306231651884154
2025-12-23,36,51.38551950542042
2025-12-24,54,49.82054766805683
2025-12-25,52,59.932778750853835
2025-12-26,65,57.44163976476096
2025-12-27,80,61.31209523888076
2025-12-28,85,74.88455530576877
2025-12-29,55,55.436462564257674
2025-12-30,48,56.04325179426054
2025-12-31,54,51.056716224324695
2025-08-07,67,79.73996641185644
2025-08-08,87,78.98719357703561
2025-08-09,98,98.94204898842119
2025-08-10,136,93.7867863121618
2025-08-11,58,83.99368322565431
2025-08-12,65,86.52950083588878
2025-08-13,90,84.57974401414805
2025-08-14,95,85.29696463053529
2025-08-15,39,83.31414213407172
2025-08-16,76,93.13453769675598
2025-08-17,103,99.26303265430424
2025-08-18,110,79.2536041261984
2025-08-19,120,88.31869613612447
2025-08-20,78,88.81114099616454
2025-08-21,83,81.17223836752913
2025-08-22,88,95.77337867561964
2025-08-23,119,97.94456700754152
2025-08-24,135,106.56732061939564
2025-08-25,109,90.7650357740206
2025-08-26,85,83.38239636298245
2025-08-27,71,86.87743981997914
2025-08-28,86,83.82416624847288
2025-08-29,111,85.5626947826471
2025-08-30,100,103.25182621914956
2025-08-31,75,104.18757910131275
2025-09-01,79,79.52259739895632
2025-09-02,81,79.77847169611087
2025-09-03,53,79.93964394349399
2025-09-04,90,83.95022399096545
2025-09-05,95,82.17558945272233
2025-09-06,141,93.70721105635424
2025-09-07,83,96.47126672544846
2025-09-08,99,85.40669344182594
2025-09-09,103,85.11712499829008
2025-09-10,95,84.84013177454476
2025-09-11,68,82.62907921708357
2025-09-12,67,84.74462322664081
2025-09-13,109,104.80395909729803
2025-09-14,109,101.72047765311665
2025-09-15,76,80.83280950764471
2025-09-16,109,82.32715952958223
2025-09-17,79,86.59426405866445
2025-09-18,52,85.4382430489484
2025-09-19,82,86.10317626746824
2025-09-20,138,125.64013958489427
2025-09-21,114,107.10652296672248
2025-09-22,92,78.53304780489233
2025-09-23,113,87.07543429793476
2025-09-24,66,90.17266449031584
2025-09-25,78,86.92352437707734
2025-09-26,114,85.42950507937417
2025-09-27,72,107.63272592270738
2025-09-28,128,122.21263828572722
2025-09-29,125,101.15172404487895
2025-09-30,125,103.74989818058731
2025-10-01,98,90.21813008553947
2025-10-02,98,93.70554939405004
2025-10-03,67,93.44231849245696
2025-10-04,132,103.78079160353133
2025-10-05,86,117.32161078055947
2025-10-06,65,85.22566609268978
2025-10-07,93,86.41465515574227
2025-10-08,77,87.16978091007448
2025-10-09,90,89.68551935395243
2025-10-10,94,88.99527790703483
2025-10-11,140,111.23667251116663
2025-10-12,115,109.40150987604311
2025-10-13,75,91.42912531064248
2025-10-14,98,86.45665683785393
2025-10-15,71,86.97304140701621
2025-10-16,102,90.15478688839909
2025-10-17,87,91.02274776586165
2025-10-18,115,107.02094632008186
2025-10-19,75,105.69142900945302
2025-10-20,46,86.76647320906427
2025-10-21,59,84.00079284518483
2025-10-22,126,95.26016887515986
2025-10-23,65,83.12397946678433
2025-10-24,99,81.21749435065307
2025-10-25,96,102.60973280637617
2025-10-26,103,104.33723608901053
2025-10-27,85,81.16190076244166
2025-10-28,116,84.57694709527429
2025-10-29,97,86.59622286345169
2025-10-30,93,94.10321284309778
2025-10-31,109,87.94405991444889
2025-11-01,134,120.78325893479918
2025-11-02,164,124.70622585074427
2025-11-03,132,105.89944979295245
2025-11-04,132,108.57489851611106
2025-11-05,113,112.83452418707844
2025-11-06,120,122.24275959488146
2025-11-07,112,124.96019163173727
2025-11-08,131,141.6446957397558
2025-11-09,129,145.497136929892
2025-11-10,123,117.35566552868727
2025-11-11,112,106.05081854412336
2025-11-12,124,110.9225111701643
2025-11-13,125,111.0337605584583
2025-11-14,97,120.19842290459651
2025-11-15,126,144.8359299060608
2025-11-16,141,140.4496690489822
2025-11-17,102,108.50219651859253
2025-11-18,124,141.10444850631492
2025-11-19,147,114.00719907600273
2025-11-20,89,109.139125263718
2025-11-21,153,105.68577909209965
2025-11-22,150,137.0597427436421
2025-11-23,163,140.9474949331413
2025-11-24,132,111.04300267160704
2025-11-25,127,118.30662807506924
2025-11-26,146,120.96616987015994
2025-11-27,97,121.96472558473086
2025-11-28,125,135.65831195537493
2025-11-29,130,147.99326197457455
2025-11-30,115,146.41795519322386
2025-12-01,104,115.63873506607484
2025-12-02,150,117.83080304117823
2025-12-03,113,119.60157483903978
2025-12-04,152,121.39083720108083
2025-12-05,154,117.58935238420057
2025-12-06,199,141.52345249290795
2025-12-07,209,182.43115673504948
2025-12-08,159,144.4229415684701
2025-12-09,122,150.72920745027992
2025-12-10,120,152.75133283551273
2025-12-11,122,150.61759337167507
2025-12-12,116,142.35948473814574
2025-12-13,148,163.56924440146034
2025-12-14,159,162.74174751088032
2025-12-15,108,137.25072430271163
2025-12-16,92,141.96663647146596
2025-12-17,123,145.43042807053732
2025-12-18,104,138.89469449457567
2025-12-19,106,137.33152630217018
2025-12-20,172,190.56216009166346
2025-12-21,139,158.45134608832024
2025-12-22,136,117.49787068389472
2025-12-23,113,118.05400168110563
2025-12-24,137,130.144703327408
2025-12-25,120,123.01074265276085
2025-12-26,115,124.836503674033
2025-12-27,148,155.43931295740512
2025-12-28,122,157.3933001453921
2025-12-29,122,88.99973222431288
2025-12-30,132,98.6721253411837
2025-12-31,134,91.50478728228833
2025-08-07,72,66.09296103122709
2025-08-08,68,67.13237021522494
2025-08-09,73,81.73389800486135
2025-08-10,61,81.50082114813974
2025-08-11,47,66.77373836631772
2025-08-12,68,63.03999927287979
2025-08-13,44,60.74288197148503
2025-08-14,58,60.373191509569175
2025-08-15,92,59.670689355166886
2025-08-16,80,75.30878356885819
2025-08-17,98,87.83781111358317
2025-08-18,47,60.32017197330033
2025-08-19,45,59.95900758074502
2025-08-20,69,56.561270897028194
2025-08-21,56,59.15396255810688
2025-08-22,74,59.30484099323288
2025-08-23,76,74.14694190792117
2025-08-24,132,93.66066132974238
2025-08-25,54,66.64020160364966
2025-08-26,64,67.8648547209621
2025-08-27,50,66.61944104752838
2025-08-28,73,64.49252342525428
2025-08-29,72,66.2696841906184
2025-08-30,64,80.287117744336
2025-08-31,72,78.94269341322949
2025-09-01,77,63.52542773111738
2025-09-02,76,69.41519946834963
2025-09-03,44,63.399707403944
2025-09-04,67,77.25600785301859
2025-09-05,83,68.4038732243335
2025-09-06,74,87.32172134710987
2025-09-07,78,82.10494100236905
2025-09-08,73,63.06832313560383
2025-09-09,45,65.42219588779095
2025-09-10,49,65.19221288555151
2025-09-11,57,68.76488071724904
2025-09-12,75,67.77756680987837
2025-09-13,88,79.69620028542921
2025-09-14,84,85.04570022714952
2025-09-15,71,77.35791234214848
2025-09-16,74,64.34920974320974
2025-09-17,59,57.86810964872234
2025-09-18,80,75.06125613712035
2025-09-19,72,67.33348674955866
2025-09-20,96,82.19464459303236
2025-09-21,75,80.18950585593038
2025-09-22,56,67.653810032671
2025-09-23,76,66.40992734787744
2025-09-24,77,62.02221971563499
2025-09-25,54,61.643725681444224
2025-09-26,47,61.62111680785051
2025-09-27,90,80.73345501289056
2025-09-28,56,85.22742329319848
2025-09-29,52,68.87058080978711
2025-09-30,58,61.96447217357212
2025-10-01,61,61.80621857973794
2025-10-02,47,58.79271035524337
2025-10-03,62,57.217483813610826
2025-10-04,78,71.90674718182359
2025-10-05,69,69.97419066394134
2025-10-06,84,56.02180042137543
2025-10-07,65,63.09981283253432
2025-10-08,73,61.93221832910827
2025-10-09,42,60.80221530659615
2025-10-10,42,63.27519070523695
2025-10-11,80,71.5369020921383
2025-10-12,97,73.30622316773024
2025-10-13,47,62.6620612133802
2025-10-14,61,61.40433594791539
2025-10-15,45,59.86453548501466
2025-10-16,51,56.5355622635601
2025-10-17,62,55.39813569031067
2025-10-18,69,71.08750360293767
2025-10-19,59,69.6760608406598
2025-10-20,56,68.69629146104694
2025-10-21,37,58.572642766524005
2025-10-22,65,55.51981691058392
2025-10-23,67,55.158654321277844
2025-10-24,67,56.592524815462106
2025-10-25,78,81.11336484769458
2025-10-26,87,70.00518663000112
2025-10-27,80,70.11837747873463
2025-10-28,60,59.194503301767156
2025-10-29,58,58.492858447917776
2025-10-30,52,51.605267784326315
2025-10-31,62,58.64891840362984
2025-11-01,120,90.37755992412087
2025-11-02,114,100.31973617853973
2025-11-03,77,73.83564222654256
2025-11-04,87,78.71983243649403
2025-11-05,83,87.18421220026138
2025-11-06,89,74.93692147679643
2025-11-07,70,77.2448031469498
2025-11-08,109,101.0893378064519
2025-11-09,136,109.51390158888955
2025-11-10,74,76.69632147382256
2025-11-11,116,80.5062664664925
2025-11-12,86,79.78959558522493
2025-11-13,71,76.7276765163372
2025-11-14,71,82.04095879030969
2025-11-15,129,94.1512092058886
2025-11-16,106,105.47632635402196
2025-11-17,74,80.18620899936893
2025-11-18,94,103.50519543591604
2025-11-19,102,105.49398657226195
2025-11-20,80,85.52716311258655
2025-11-21,85,90.13255363589094
2025-11-22,122,105.00616917745064
2025-11-23,87,102.74772813964118
2025-11-24,88,84.96068566342286
2025-11-25,80,84.42998873076148
2025-11-26,74,89.03002330353513
2025-11-27,93,89.47369126515895
2025-11-28,63,88.46845086212723
2025-11-29,72,103.84167123556126
2025-11-30,103,101.24516178538484
2025-12-01,79,85.53313379028727
2025-12-02,64,88.07920890345625
2025-12-03,86,102.38026395753417
2025-12-04,104,82.77052450700656
2025-12-05,86,83.9414841249041
2025-12-06,101,97.41509521988493
2025-12-07,127,100.76674977199328
2025-12-08,93,88.45499434501517
2025-12-09,102,88.3577354425656
2025-12-10,66,88.86307700568393
2025-12-11,66,88.67249914305266
2025-12-12,88,81.69643173716543
2025-12-13,106,106.6793167049091
2025-12-14,116,102.97610549046362
2025-12-15,61,83.60708904835734
2025-12-16,89,82.000988182659
2025-12-17,92,80.28152881394689
2025-12-18,92,81.71520183657711
2025-12-19,76,82.357954522217
2025-12-20,107,105.83475455187978
2025-12-21,91,101.46752598436858
2025-12-22,85,86.91578410147179
2025-12-23,68,82.81664144984101
2025-12-24,71,84.64614410967489
2025-12-25,94,106.55228119735455
2025-12-26,75,83.27030857127784
2025-12-27,92,94.11378744187138
2025-12-28,85,95.93941698762701
2025-12-29,104,74.4826586112553
2025-12-30,75,87.2989180229262
2025-12-31,85,76.41118699881106
2025-08-07,55,54.261058877157154
2025-08-08,37,41.35749558211536
2025-08-09,85,56.375828451204264
2025-08-10,57,57.054635826337915
2025-08-11,75,46.18148820357234
2025-08-12,41,49.22715874194979
2025-08-13,66,45.1909555542702
2025-08-14,49,49.75831647942852
2025-08-15,56,47.06417235622652
2025-08-16,36,62.068205611823906
2025-08-17,59,61.74569668266637
2025-08-18,27,49.106100172431404
2025-08-19,47,47.92987413145615
2025-08-20,20,49.04941207880584
2025-08-21,42,44.40326165241703
2025-08-22,60,42.431848296156666
2025-08-23,62,61.049717034483855
2025-08-24,46,67.98464682906295
2025-08-25,15,46.54492400287073
2025-08-26,59,54.49074075344827
2025-08-27,67,43.339228747199414
2025-08-28,29,42.7843042544741
2025-08-29,75,42.86314925519258
2025-08-30,54,57.09947683946859
2025-08-31,25,58.69488599796416
2025-09-01,20,45.3701791345507
2025-09-02,55,45.13323476964968
2025-09-03,45,40.11285508958932
2025-09-04,65,41.894850393117636
2025-09-05,25,43.102297901572854
2025-09-06,67,64.96818644097586
2025-09-07,65,62.7040340786921
2025-09-08,41,44.11361810281764
2025-09-09,37,42.88893043355673
2025-09-10,38,43.99145658352988
2025-09-11,46,42.79382471605236
2025-09-12,48,43.49646367917025
2025-09-13,58,55.549031706692396
2025-09-14,72,54.12466930942686
2025-09-15,25,44.093310769074264
2025-09-16,25,52.84527782930645
2025-09-17,58,41.11513220204941
2025-09-18,29,41.29407717597294
2025-09-19,38,42.07032406729433
2025-09-20,45,54.57928894709909
2025-09-21,45,55.06139726701454
2025-09-22,21,42.17288012071394
2025-09-23,35,45.311914224290135
2025-09-24,53,43.41414590209071
2025-09-25,43,43.61215241937157
2025-09-26,51,43.66803212155999
2025-09-27,57,59.570918601138054
2025-09-28,68,55.61420259520147
2025-09-29,36,42.74977825147711
2025-09-30,12,42.50647939412406
2025-10-01,48,41.3188569846792
2025-10-02,55,40.78251266105199
2025-10-03,35,39.325257856006345
2025-10-04,72,52.06183345387213
2025-10-05,41,51.3155315129931
2025-10-06,53,41.37145743695944
2025-10-07,69,42.47107440987581
2025-10-08,52,56.122751660796716
2025-10-09,40,43.27075174187627
2025-10-10,42,36.45038374755102
2025-10-11,78,52.12503123350077
2025-10-12,60,53.762637022342716
2025-10-13,75,44.36115001189602
2025-10-14,47,46.47347260703258
2025-10-15,33,46.72389550465182
2025-10-16,35,45.00369781724388
2025-10-17,44,40.54648754775491
2025-10-18,23,55.41508522112824
2025-10-19,47,50.92478881538788
2025-10-20,36,42.208079461958185
2025-10-21,47,47.30184110021726
2025-10-22,72,48.1092248966723
2025-10-23,44,42.76142390290355
2025-10-24,14,40.64947761816451
2025-10-25,40,56.32008004222924
2025-10-26,58,54.55581192017749
2025-10-27,45,42.94667399920126
2025-10-28,76,54.87319477473596
2025-10-29,58,39.79311062838656
2025-10-30,57,43.36238174440198
2025-10-31,40,39.77891447201694
2025-11-01,90,70.42394465554244
2025-11-02,60,73.82118678872149
2025-11-03,73,58.199498463431794
2025-11-04,54,61.22085187480015
2025-11-05,37,65.17626755752748
2025-11-06,73,62.83538843429102
2025-11-07,79,56.77599867238823
2025-11-08,67,81.59071198822546
2025-11-09,96,80.79955733342523
2025-11-10,34,65.2517563784743
2025-11-11,40,63.639399890524075
2025-11-12,56,63.69523144511079
2025-11-13,65,69.06020494153691
2025-11-14,48,59.09325448991056
2025-11-15,75,76.12718605699888
2025-11-16,65,73.97304823642973
2025-11-17,53,53.872502375780904
2025-11-18,63,57.210892513847654
2025-11-19,48,60.506819126495486
2025-11-20,63,58.693984317162595
2025-11-21,49,54.68186876202403
2025-11-22,55,63.89650906452739
2025-11-23,85,68.94010027794288
2025-11-24,84,57.188826757779864
2025-11-25,74,60.19874307730957
2025-11-26,63,58.155518328266695
2025-11-27,49,61.03553543091301
2025-11-28,66,71.67530755766688
2025-11-29,89,75.89774914880681
2025-11-30,39,73.63822818155973
2025-12-01,53,58.23587419929195
2025-12-02,69,61.252948806185195
2025-12-03,41,60.720493662703966
2025-12-04,65,60.78888690864032
2025-12-05,64,57.045094633498834
2025-12-06,51,69.86683950312522
2025-12-07,74,72.31518654600823
2025-12-08,49,60.38330757929842
2025-12-09,65,58.4325760803666
2025-12-10,69,57.90859052154079
2025-12-11,64,58.39403353246156
2025-12-12,60,60.565437831970755
2025-12-13,92,79.34136704481152
2025-12-14,55,68.70237378197794
2025-12-15,58,55.889268238779174
2025-12-16,47,58.26192484723706
2025-12-17,74,58.55447457316484
2025-12-18,69,56.82187825174778
2025-12-19,69,56.79272973673142
2025-12-20,99,68.80745921442858
2025-12-21,68,74.71825188590931
2025-12-22,50,59.01647460967653
2025-12-23,59,63.308001679560036
2025-12-24,34,55.23865169321914
2025-12-25,36,60.97302156424147
2025-12-26,68,59.81917292251494
2025-12-27,52,71.35817425630533
2025-12-28,57,66.70876599392317
2025-12-29,57,52.13796519933839
2025-12-30,52,55.65119888902052
2025-12-31,72,49.98096860040556
2025-08-07,79,69.92956316280699
2025-08-08,90,67.78673843805595
2025-08-09,103,89.41341787653187
2025-08-10,77,95.39912453041742
2025-08-11,93,65.85527628584063
2025-08-12,51,75.52567018903441
2025-08-13,61,67.67271108882449
2025-08-14,67,64.36424522509718
2025-08-15,90,64.45324342025725
2025-08-16,63,80.87178645440603
2025-08-17,104,84.27724313838421
2025-08-18,68,61.872251969244246
2025-08-19,60,57.059565721051534
2025-08-20,91,62.19114694238765
2025-08-21,53,61.11459298922598
2025-08-22,115,61.414256856951184
2025-08-23,83,84.11175514382062
2025-08-24,89,83.70512032206405
2025-08-25,100,65.60175660263566
2025-08-26,73,70.47892870107569
2025-08-27,93,68.51395524616547
2025-08-28,30,60.20022870208944
2025-08-29,74,81.47485059540881
2025-08-30,94,80.1621677553124
2025-08-31,108,82.07509925974615
2025-09-01,85,72.13201411198406
2025-09-02,83,73.42314059881906
2025-09-03,90,72.59254175077673
2025-09-04,79,73.68780702726627
2025-09-05,40,88.63910526134367
2025-09-06,115,84.83224956852465
2025-09-07,87,97.63532577648273
2025-09-08,75,65.01958552967378
2025-09-09,73,69.03024799886606
2025-09-10,84,92.0999406862122
2025-09-11,47,64.41600262478818
2025-09-12,30,67.91861741668143
2025-09-13,66,87.1553899249669
2025-09-14,103,94.59470813005586
2025-09-15,40,75.03694721889703
2025-09-16,52,74.53937837635596
2025-09-17,78,71.64960878669926
2025-09-18,49,69.12185743432703
2025-09-19,58,74.24472604772167
2025-09-20,105,98.06413034298106
2025-09-21,92,85.20739589381856
2025-09-22,48,69.6275590174231
2025-09-23,86,85.06279185690005
2025-09-24,77,67.00318033993592
2025-09-25,44,65.77432645584737
2025-09-26,73,67.20186973066909
2025-09-27,72,82.19126119663579
2025-09-28,89,83.60271966638153
2025-09-29,84,58.885825158499514
2025-09-30,79,76.67879135351737
2025-10-01,87,63.84811193075593
2025-10-02,85,62.36755415246641
2025-10-03,87,69.863780033047
2025-10-04,95,92.65280347017014
2025-10-05,109,90.52615006991064
2025-10-06,77,70.32882581412026
2025-10-07,43,71.41692149516463
2025-10-08,53,74.24072511068694
2025-10-09,79,76.50726745882747
2025-10-10,67,63.18923626796665
2025-10-11,94,75.4149001673321
2025-10-12,70,76.65336200677719
2025-10-13,109,65.59195696595275
2025-10-14,81,75.50732131011223
2025-10-15,69,65.3389202562923
2025-10-16,56,70.40090443184737
2025-10-17,49,60.62599349608682
2025-10-18,84,77.81486588774656
2025-10-19,87,85.05912401096116
2025-10-20,67,70.35955727451307
2025-10-21,102,59.9933390314814
2025-10-22,67,62.75420414153482
2025-10-23,68,57.11835543118723
2025-10-24,86,57.76934314827785
2025-10-25,83,88.80122659622499
2025-10-26,97,94.53054103794183
2025-10-27,44,68.79631829506312
2025-10-28,44,65.85821297251952
2025-10-29,72,61.153239848660945
2025-10-30,65,61.389261739560865
2025-10-31,53,60.56672576202654
2025-11-01,119,106.38318963639443
2025-11-02,121,105.60656278210094
2025-11-03,79,78.12318552470292
2025-11-04,83,82.5495791640161
2025-11-05,107,91.1153367779902
2025-11-06,73,81.56242933108945
2025-11-07,81,83.99791829526241
2025-11-08,151,118.7111953822753
2025-11-09,116,126.68166395477179
2025-11-10,84,81.95316395179711
2025-11-11,75,85.65749511059894
2025-11-12,73,89.9043604750619
2025-11-13,91,86.35400667014542
2025-11-14,134,83.1525948012943
2025-11-15,128,115.90827493026819
2025-11-16,90,111.83946939497069
2025-11-17,108,84.59214455672713
2025-11-18,78,80.54039971974088
2025-11-19,93,79.13563963937018
2025-11-20,100,105.0983228367436
2025-11-21,134,87.60041490483871
2025-11-22,94,112.51678413497754
2025-11-23,123,106.11209018155294
2025-11-24,80,86.61673885154737
2025-11-25,108,85.98797614617324
2025-11-26,99,98.4981192951932
2025-11-27,119,95.57558782565516
2025-11-28,108,98.22103252576112
2025-11-29,103,114.81933577590296
2025-11-30,199,130.5407908289189
2025-12-01,105,116.38933183371253
2025-12-02,101,142.19606533224714
2025-12-03,98,106.60704903232129
2025-12-04,106,123.1181021940328
2025-12-05,105,123.06402379811898
2025-12-06,127,141.1261010246328
2025-12-07,136,146.19235089243554
2025-12-08,111,117.20743119982401
2025-12-09,86,129.31041654149328
2025-12-10,136,121.2186403586629
2025-12-11,152,143.28951566279704
2025-12-12,110,106.77805186119284
2025-12-13,118,147.96109988357557
2025-12-14,118,158.4717780520141
2025-12-15,87,103.01977426515974
2025-12-16,90,98.0228184284837
2025-12-17,50,105.6796903602843
2025-12-18,124,106.08593367616162
2025-12-19,117,101.06449387878904
2025-12-20,83,131.47559230363424
2025-12-21,135,136.2409560913765
2025-12-22,112,121.09211490248262
2025-12-23,90,101.88944176624804
2025-12-24,103,102.7338619873485
2025-12-25,59,108.22681865716027
2025-12-26,112,118.97134104387308
2025-12-27,119,115.59480655071373
2025-12-28,119,122.37536969772268
2025-12-29,85,118.74121104873895
2025-12-30,112,99.1080736731875
2025-12-31,115,93.59106175857147
2025-08-07,26,24.808814206891867
2025-08-08,37,25.052591011817682
2025-08-09,22,32.453367049203486
2025-08-10,50,31.780443121760026
2025-08-11,16,27.34868240041883
2025-08-12,6,25.865008902412253
2025-08-13,40,26.961650833370836
2025-08-14,19,26.49597218610091
2025-08-15,27,25.770550295405506
2025-08-16,22,33.33435766990642
2025-08-17,56,32.97273564582069
2025-08-18,44,27.147261651504408
2025-08-19,41,27.83949488156643
2025-08-20,27,29.074269068485584
2025-08-21,36,28.888503353139598
2025-08-22,25,28.72199744945609
2025-08-23,44,35.15399793397025
2025-08-24,35,38.685412866824805
2025-08-25,42,27.290832238810612
2025-08-26,21,30.231788228702925
2025-08-27,22,29.205287753099768
2025-08-28,21,27.48083973394053
2025-08-29,28,28.03460897344989
2025-08-30,29,32.90138072762061
2025-08-31,37,32.42605002878221
2025-09-01,21,27.621398482646747
2025-09-02,34,31.528202104386022
2025-09-03,41,31.424619588597114
2025-09-04,27,29.226543338481413
2025-09-05,53,32.45431886431147
2025-09-06,44,33.8598151765694
2025-09-07,54,34.99667926276447
2025-09-08,25,30.178657621575443
2025-09-09,9,29.216387471176237
2025-09-10,19,31.166771961510268
2025-09-11,20,29.229653398070713
2025-09-12,16,28.397995764881667
2025-09-13,10,35.11104859992866
2025-09-14,43,35.23427721375296
2025-09-15,7,28.85304881392546
2025-09-16,35,27.649564268617308
2025-09-17,48,27.711291386490657
2025-09-18,18,29.388046322719784
2025-09-19,30,26.630217488369983
2025-09-20,28,34.67490455826343
2025-09-21,41,32.8901704050351
2025-09-22,14,27.676016684313925
2025-09-23,25,28.32720193643434
2025-09-24,37,26.788597457772617
2025-09-25,25,26.948296515225366
2025-09-26,10,25.347494267147113
2025-09-27,45,31.65093853251147
2025-09-28,19,34.112153375115135
2025-09-29,27,26.56488594804943
2025-09-30,32,27.919754098197934
2025-10-01,27,27.617338135835762
2025-10-02,51,27.784584263504087
2025-10-03,33,29.49742027697346
2025-10-04,30,35.33151090811906
2025-10-05,38,35.08392319296778
2025-10-06,28,28.65840678894824
2025-10-07,26,28.00524808717077
2025-10-08,28,26.67071897876107
2025-10-09,22,28.068991659040375
2025-10-10,28,26.780912103323544
2025-10-11,27,34.61571618396008
2025-10-12,13,33.5612176506763
2025-10-13,37,29.599040409685898
2025-10-14,20,27.63075320534946
2025-10-15,27,27.614021881461593
2025-10-16,18,27.02241697653797
2025-10-17,19,26.34896244801881
2025-10-18,22,32.675511664932955
2025-10-19,42,33.51161272204408
2025-10-20,38,27.286368678677192
2025-10-21,26,29.490227530945113
2025-10-22,21,28.45550373472448
2025-10-23,9,28.970525562707113
2025-10-24,34,28.150259569760156
2025-10-25,26,33.36222260938094
2025-10-26,21,31.830431649553926
2025-10-27,26,26.09216726126294
2025-10-28,23,27.19590451919053
2025-10-29,11,26.912495035566437
2025-10-30,12,28.73018604054243
2025-10-31,29,27.103022452841127
2025-11-01,37,40.0825619662608
2025-11-02,49,38.81273827296595
2025-11-03,37,32.92616897343484
2025-11-04,46,33.55529401827327
2025-11-05,27,33.88829749934386
2025-11-06,37,32.6275060384632
2025-11-07,41,34.69203829918558
2025-11-08,38,38.87715684379137
2025-11-09,64,44.900109130577775
2025-11-10,18,33.666196600299294
2025-11-11,27,34.370994727791214
2025-11-12,18,32.3576797773393
2025-11-13,28,32.83552056940733
2025-11-14,34,33.534014325672025
2025-11-15,52,39.59634886307677
2025-11-16,42,43.649346832496434
2025-11-17,29,35.213570251909616
2025-11-18,20,30.99181184034831
2025-11-19,23,31.769432930447273
2025-11-20,38,31.99329902663935
2025-11-21,44,31.334591010550987
2025-11-22,40,38.73878008031539
2025-11-23,56,35.068509756589094
2025-11-24,26,32.71108879805829
2025-11-25,38,38.934923475024256
2025-11-26,32,32.417725067990546
2025-11-27,50,33.903867169134664
2025-11-28,36,38.132163767511486
2025-11-29,26,43.24401118888543
2025-11-30,53,40.67135672674689
2025-12-01,54,35.873813672555244
2025-12-02,33,33.71167971187097
2025-12-03,26,34.59949836900477
2025-12-04,44,36.44416763130157
2025-12-05,55,36.668454270164794
2025-12-06,61,54.50895176668399
2025-12-07,28,48.43117138427557
2025-12-08,43,37.82970700603496
2025-12-09,39,38.41250699618685
2025-12-10,26,36.134361445627384
2025-12-11,48,35.523835845061726
2025-12-12,39,35.79215319225569
2025-12-13,66,51.765880889240464
2025-12-14,33,49.01554039871761
2025-12-15,39,37.85693524709135
2025-12-16,26,37.23826364576661
2025-12-17,45,45.69376225181842
2025-12-18,50,37.99573290410207
2025-12-19,28,45.14189160638855
2025-12-20,30,49.493620375346296
2025-12-21,53,48.16672083933287
2025-12-22,35,38.856156693677036
2025-12-23,47,39.858992161874156
2025-12-24,27,33.537520399674534
2025-12-25,36,38.064368535998774
2025-12-26,42,37.48111345637764
2025-12-27,55,54.432620531343005
2025-12-28,26,45.37645462704522
2025-12-29,63,39.65641406859649
2025-12-30,37,40.558692699227926
2025-12-31,22,42.10365434680439
2025-08-07,30,56.727476974784366
2025-08-08,69,44.78570883232366
2025-08-09,84,65.41476453316342
2025-08-10,93,66.472386498543
2025-08-11,33,56.53104309972563
2025-08-12,52,55.119245161118705
2025-08-13,100,56.06914002267382
2025-08-14,62,76.36389083190181
2025-08-15,46,55.5485758557013
2025-08-16,70,73.0338886294668
2025-08-17,80,69.0609405232088
2025-08-18,65,59.23746669679295
2025-08-19,45,65.08853802692096
2025-08-20,46,58.028821800112496
2025-08-21,51,53.42372973885295
2025-08-22,43,50.12934393293799
2025-08-23,48,66.93652319153945
2025-08-24,103,68.2276702881142
2025-08-25,49,56.50844745288132
2025-08-26,50,52.460504876104515
2025-08-27,50,54.96863739737887
2025-08-28,55,52.711310237379124
2025-08-29,70,51.945270145050124
2025-08-30,62,66.1357450294595
2025-08-31,91,68.04973334623891
2025-09-01,67,53.48502659598706
2025-09-02,53,51.040253915126165
2025-09-03,44,51.39782498007298
2025-09-04,76,53.23227645912573
2025-09-05,53,54.76780522952291
2025-09-06,48,67.12860928839125
2025-09-07,89,72.62744041986701
2025-09-08,43,55.144749247163084
2025-09-09,72,54.11198138927203
2025-09-10,11,52.21396267938719
2025-09-11,50,56.65459586730542
2025-09-12,77,54.30355316007358
2025-09-13,70,69.61305955482919
2025-09-14,81,73.17828568416476
2025-09-15,51,64.18892090591056
2025-09-16,68,56.96519907188057
2025-09-17,68,63.25536507028914
2025-09-18,61,62.03825062064073
2025-09-19,104,74.9122581735407
2025-09-20,94,72.31873076876299
2025-09-21,85,70.85100875522242
2025-09-22,71,55.00751316403879
2025-09-23,40,62.25071320484475
2025-09-24,48,55.672817877549285
2025-09-25,29,58.72471135424156
2025-09-26,33,67.54227524153242
2025-09-27,68,88.50986195175086
2025-09-28,84,81.59067358496723
2025-09-29,34,58.54176670952477
2025-09-30,67,67.6108572892267
2025-10-01,53,54.55631782272633
2025-10-02,47,65.51294767232993
2025-10-03,84,57.64478991119678
2025-10-04,46,68.93256565198249
2025-10-05,90,69.16776149774294
2025-10-06,16,59.66345888849925
2025-10-07,54,55.88602263683019
2025-10-08,35,53.732856071010254
2025-10-09,44,50.28964752589659
2025-10-10,89,59.36458103372937
2025-10-11,64,66.16516266827864
2025-10-12,50,72.5850804603627
2025-10-13,65,53.19836948223724
2025-10-14,50,57.45027740509539
2025-10-15,59,55.8946021094624
2025-10-16,40,54.22155223493309
2025-10-17,41,58.289899764583275
2025-10-18,56,66.65095435070432
2025-10-19,99,81.02480163721265
2025-10-20,52,51.43203339462732
2025-10-21,49,63.25162088158137
2025-10-22,59,53.15708382914178
2025-10-23,58,51.04734157634173
2025-10-24,67,52.67190836396493
2025-10-25,62,68.4762592238287
2025-10-26,69,67.29789947953903
2025-10-27,64,61.109677552089266
2025-10-28,38,59.75328467938295
2025-10-29,72,57.84247196419188
2025-10-30,57,59.49717601054532
2025-10-31,36,57.18838013360088
2025-11-01,75,73.26689233285711
2025-11-02,93,84.4323115834165
2025-11-03,66,62.169753029313114
2025-11-04,90,64.27403114748219
2025-11-05,71,63.5244065640379
2025-11-06,81,64.12488089758101
2025-11-07,61,69.84296327187585
2025-11-08,114,102.66274253972989
2025-11-09,119,98.07752486026041
2025-11-10,73,67.16331839816587
2025-11-11,66,62.068094842566396
2025-11-12,60,72.13557610753739
2025-11-13,76,65.81936244625851
2025-11-14,101,70.4654954823399
2025-11-15,70,80.0185246327578
2025-11-16,94,83.97170766289177
2025-11-17,45,65.1796839926985
2025-11-18,84,85.98233952448118
2025-11-19,81,73.47186148968001
2025-11-20,48,78.03601778542985
2025-11-21,68,70.7462642748375
2025-11-22,100,80.78538236508777
2025-11-23,97,80.75185627465389
2025-11-24,82,69.91350103584799
2025-11-25,58,75.18394043147086
2025-11-26,81,69.45237798576242
2025-11-27,65,67.12886264940279
2025-11-28,89,68.99396171616009
2025-11-29,53,89.09908154624348
2025-11-30,109,101.44721861221154
2025-12-01,78,71.12347968343731
2025-12-02,100,66.22588526419409
2025-12-03,78,72.29632410091364
2025-12-04,79,80.30986543442076
2025-12-05,83,69.55984215144304
2025-12-06,137,114.41089994961222
2025-12-07,88,95.90183636136572
2025-12-08,58,72.41459278139281
2025-12-09,47,81.9767827828989
2025-12-10,88,69.55754047293459
2025-12-11,80,70.13600519670238
2025-12-12,87,88.30479691437424
2025-12-13,85,92.33234324282321
2025-12-14,98,90.62043942443526
2025-12-15,80,71.64181110656868
2025-12-16,85,75.3764764385424
2025-12-17,56,74.89947269952701
2025-12-18,44,72.00792870070072
2025-12-19,75,82.88407434353208
2025-12-20,71,89.06736013142284
2025-12-21,70,97.03130225545462
2025-12-22,104,78.2634201366946
2025-12-23,35,77.64465654208882
2025-12-24,85,71.32582878219038
2025-12-25,92,71.39646044711131
2025-12-26,94,73.3121858550267
2025-12-27,100,91.93701698162272
2025-12-28,119,92.6050680019697
2025-12-29,108,81.88999338306489
2025-12-30,71,77.25310334064115
2025-12-31,84,79.73912738250938
2025-08-07,55,54.31376245824991
2025-08-08,27,40.8029040759423
2025-08-09,58,54.57382269758374
2025-08-10,67,52.31743037417654
2025-08-11,65,41.956526851647446
2025-08-12,44,43.21368915490237
2025-08-13,16,40.64914458035122
2025-08-14,45,41.78431118799645
2025-08-15,48,40.122298473923145
2025-08-16,46,55.41137988830434
2025-08-17,51,52.95195783257881
2025-08-18,33,43.908522651593884
2025-08-19,37,43.784286386522695
2025-08-20,51,43.436719189046585
2025-08-21,56,44.129976105694475
2025-08-22,24,44.191412804860924
2025-08-23,52,64.57352452203659
2025-08-24,30,58.91023805158006
2025-08-25,61,42.665326864926016
2025-08-26,49,39.48242322552992
2025-08-27,15,42.36920562218816
2025-08-28,38,39.952418898986934
2025-08-29,35,40.825712311514195
2025-08-30,40,55.37098433569198
2025-08-31,61,52.020871023248155
2025-09-01,55,43.39713664055917
2025-09-02,42,41.09761857948347
2025-09-03,31,41.17869523956643
2025-09-04,31,41.75638794571648
2025-09-05,39,39.40786915100644
2025-09-06,43,49.85413788055493
2025-09-07,49,47.48579844251456
2025-09-08,46,41.35245410195987
2025-09-09,20,42.528236964739534
2025-09-10,30,39.00742187497636
2025-09-11,38,38.25206248228769
2025-09-12,58,37.021093146937815
2025-09-13,59,49.49799332278292
2025-09-14,49,50.44561473788286
2025-09-15,44,37.05039648860405
2025-09-16,38,38.73059677531973
2025-09-17,52,38.21253476196711
2025-09-18,44,39.994269676383205
2025-09-19,54,36.52818271443446
2025-09-20,32,49.3367858012702
2025-09-21,49,55.62275483257649
2025-09-22,42,38.414164500560744
2025-09-23,45,38.37793457471598
2025-09-24,68,38.231147626705294
2025-09-25,17,39.24249323564259
2025-09-26,39,38.90762079861961
2025-09-27,48,48.827726789350635
2025-09-28,61,57.79707720784016
2025-09-29,60,40.53206594861551
2025-09-30,49,39.82701480062124
2025-10-01,20,39.92417717405902
2025-10-02,57,40.063964473723736
2025-10-03,57,39.94583838749054
2025-10-04,52,49.2438195675502
2025-10-05,29,47.0808151874575
2025-10-06,37,40.86486330450127
2025-10-07,45,40.55563949835841
2025-10-08,51,40.78757759118666
2025-10-09,18,41.54545292059586
2025-10-10,30,39.00199093216491
2025-10-11,62,53.71393593721569
2025-10-12,67,53.75429558807441
2025-10-13,44,40.73547349250491
2025-10-14,53,39.80422557345402
2025-10-15,48,43.4943315803446
2025-10-16,63,57.727568981218646
2025-10-17,41,41.98482298403225
2025-10-18,54,48.372320576288274
2025-10-19,34,49.751614284999256
2025-10-20,48,41.90094759079893
2025-10-21,24,41.042544029128315
2025-10-22,48,43.16622573502825
2025-10-23,34,41.13014216650589
2025-10-24,43,40.620554906359885
2025-10-25,47,57.83025483606763
2025-10-26,43,52.62366010367727
2025-10-27,43,40.677729942655276
2025-10-28,48,42.07668364771413
2025-10-29,56,46.587506940952714
2025-10-30,25,40.09355720366773
2025-10-31,21,41.083934394463114
2025-11-01,54,62.76151929341907
2025-11-02,66,64.8241636453383
2025-11-03,71,49.126322726429386
2025-11-04,69,49.46483031965541
2025-11-05,51,59.413616859345076
2025-11-06,73,49.28730660423735
2025-11-07,68,48.62168767015219
2025-11-08,46,71.42897232014055
2025-11-09,53,67.0195736201427
2025-11-10,33,50.32459983185353
2025-11-11,52,48.63727831510504
2025-11-12,53,48.186048630785166
2025-11-13,53,50.28126394131192
2025-11-14,28,47.99310135695456
2025-11-15,49,59.218341735622175
2025-11-16,69,57.85707975273614
2025-11-17,60,48.41308388868515
2025-11-18,28,48.235611514370476
2025-11-19,37,48.20864330852553
2025-11-20,65,46.57737430561814
2025-11-21,38,47.45796978655589
2025-11-22,66,61.178632419550475
2025-11-23,50,61.87554320345131
2025-11-24,63,48.23395533662927
2025-11-25,28,49.57218751773125
2025-11-26,59,60.01901254466032
2025-11-27,64,44.92356193918174
2025-11-28,60,44.61444657817608
2025-11-29,60,61.4780679063742
2025-11-30,57,65.5593928182246
2025-12-01,50,49.76650381013875
2025-12-02,37,49.10833529665041
2025-12-03,51,50.66378118862649
2025-12-04,52,48.78619528656193
2025-12-05,48,47.289943281100435
2025-12-06,78,59.539780412081505
2025-12-07,53,62.81015721008222
2025-12-08,32,50.232208073513746
2025-12-09,46,47.43661365953028
2025-12-10,54,47.88276039488917
2025-12-11,51,47.995610471309526
2025-12-12,51,47.65440070866732
2025-12-13,52,61.06245282487673
2025-12-14,67,66.50074268851799
2025-12-15,47,47.171507731674794
2025-12-16,46,46.70731898969374
2025-12-17,76,53.66937641022575
2025-12-18,56,50.04358423126525
2025-12-19,46,47.88345951140606
2025-12-20,79,61.518872287445625
2025-12-21,71,60.69618921647896
2025-12-22,47,59.06341050852878
2025-12-23,14,48.927703669701856
2025-12-24,37,52.35008341116364
2025-12-25,60,49.73930462587975
2025-12-26,74,56.783849611813665
2025-12-27,46,63.91602001212145
2025-12-28,74,64.57460082328332
2025-12-29,60,48.91473352773927
2025-12-30,80,60.00267110919289
2025-12-31,75,58.93793226299274
